{"cameraMode":{"drawMode":0,"name":"Shaded","section":"Shading Mode"},"sceneLighting":false,"audioPlay":false,"sceneViewState":{"m_AlwaysRefresh":false,"showFog":true,"showSkybox":false,"showFlares":true,"showImageEffects":true,"showParticleSystems":true,"showVisualEffectGraphs":true,"m_FxEnabled":true},"in2DMode":false,"pivot":{"x":-0.026544570922851564,"y":0.0900326818227768,"z":-0.02304849773645401},"rotation":{"x":0.23992232978343965,"y":-0.3679681420326233,"z":0.09887389093637467,"w":0.8928996920585632},"size":0.044999152421951297,"orthographic":true}