{"cameraMode":{"drawMode":0,"name":"Shaded","section":"Shading Mode"},"sceneLighting":false,"audioPlay":false,"sceneViewState":{"m_AlwaysRefresh":false,"showFog":true,"showSkybox":false,"showFlares":true,"showImageEffects":true,"showParticleSystems":true,"showVisualEffectGraphs":true,"m_FxEnabled":true},"in2DMode":false,"pivot":{"x":-0.029933929443359376,"y":0.0013300776481628419,"z":-34.566444396972659},"rotation":{"x":0.15835821628570558,"y":-0.6681690216064453,"z":0.148750439286232,"w":0.711653470993042},"size":23.79494285583496,"orthographic":false}