{"cameraMode":{"drawMode":0,"name":"Shaded","section":"Shading Mode"},"sceneLighting":false,"audioPlay":false,"sceneViewState":{"m_AlwaysRefresh":false,"showFog":true,"showSkybox":false,"showFlares":true,"showImageEffects":true,"showParticleSystems":true,"showVisualEffectGraphs":true,"m_FxEnabled":true},"in2DMode":false,"pivot":{"x":-0.06598460674285889,"y":2.0449154376983644,"z":0.051315903663635257},"rotation":{"x":0.23829896748065949,"y":-0.5217579007148743,"z":0.15456368029117585,"w":0.8044237494468689},"size":2.3425421714782717,"orthographic":true}